Name	Surname	Zaøazení	Start.Date	End.Date
Stanislav	Balík	II	26.05.2004	26.05.2014
Iva	Brožová	II	15.07.1993	08.12.1999
Vojtìch	Cepl	II	15.07.1993	15.07.2003
Vladimír	Èermák	IV	15.07.1993	15.07.2003
Ludvík	David	I	07.08.2013	31.12.2015
Ludvík	David	II	01.01.2016	30.06.2016
František	Duchoò	I	06.06.2002	06.06.2012
Jaroslav	Fenyk	I	03.05.2013	06.08.2013
Jaroslav	Fenyk	místopøedseda	07.08.2013	30.06.2016
Josef	Fiala	III	17.12.2015	30.06.2016
Jan	Filip	III	03.05.2013	30.06.2016
Vlasta	Formánková	IV	05.08.2005	05.08.2015
Vojen	Güttler	I	15.07.1993	15.07.2003
Vojen	Güttler	I	06.08.2003	06.08.2013
Miloš	Holeèek	místopøedseda	15.07.1993	15.07.2003
Pavel	Holländer	III	15.07.1993	15.07.2003
Pavel	Holländer	místopøedseda	06.08.2003	06.08.2013
Ivana	Janù	místopøedseda	09.11.1993	09.02.2002
Ivana	Janù	I	16.09.2004	16.09.2014
Jaromír	Jirsa	IV	07.10.2015	30.06.2016
Vladimír	Jurka	III	15.07.1993	15.07.2003
Zdenìk	Kessler	pøedseda	15.07.1993	12.02.2003
Vladimír	Klokoèka	I	15.07.1993	15.07.2003
Vladimír	Kùrka	III	15.12.2005	15.12.2015
Dagmar	Lastovecká	II	29.08.2003	29.08.2013
Tomáš	Lichovník	IV	19.06.2014	31.12.2015
Tomáš	Lichovník	I	01.01.2016	30.06.2016
Jiøí	Malenovský	II	04.04.2000	08.05.2004
Jiøí	Mucha	III	28.01.2003	28.01.2013
Jan	Musil	III	27.11.2003	27.11.2013
Jan	Musil	III	20.01.2014	31.12.2015
Jan	Musil	IV	01.01.2016	30.06.2016
Jiøí	Nykodým	II	17.12.2003	17.12.2013
Vladimír	Paul	I	15.07.1993	03.04.2002
Antonín	Procházka	II	15.07.1993	15.07.2003
Pavel	Rychetský	pøedseda	06.08.2003	30.06.2016
Vladimír	Sládeèek	IV	04.06.2013	30.06.2016
Radovan	Suchánek	II	26.11.2013	31.12.2015
Radovan	Suchánek	III	01.01.2016	30.06.2016
Vlastimil	Ševèík	III	15.07.1993	15.12.2002
Kateøina	Šimáèková	I	07.08.2013	30.06.2016
Vojtìch	Šimíèek	II	12.06.2014	30.06.2016
Milada	Tomková	místopøedseda	03.05.2013	30.06.2016
David	Uhlíø	I	10.12.2014	30.06.2016
Pavel	Varvaøovský	IV	29.03.1994	29.03.2004
Miloslav	Výborný	IV	03.06.2003	03.06.2013
Eliška	Wagnerová	místopøedseda	20.03.2002	20.03.2012
Eva	Zarembová	IV	09.11.1993	09.11.2003
Jiøí	Zemánek	II	20.01.2014	30.06.2016
Michaela	Židlická	IV	16.06.2004	16.06.2014
